{
  "CSharpSyllabus.pdf": {
    "mtime": 1616090088.4588435
  },
  "Lesson Plan For Web designing.pdf": {
    "mtime": 1693279884.388493
  },
  "Lesson plan for web development.pdf": {
    "mtime": 1693280784.800465
  }
}